CUST_ID,BALANCE,BALANCE_FREQUENCY,PURCHASES,ONEOFF_PURCHASES,INSTALLMENTS_PURCHASES,CASH_ADVANCE,PURCHASES_FREQUENCY,ONEOFF_PURCHASES_FREQUENCY,PURCHASES_INSTALLMENTS_FREQUENCY,CASH_ADVANCE_FREQUENCY,CASH_ADVANCE_TRX,PURCHASES_TRX,CREDIT_LIMIT,PAYMENTS,MINIMUM_PAYMENTS,PRC_FULL_PAYMENT,TENURE
5039,464.674156,0.888889,1979.22,1979.22,0.0,1981.265503,0.666667,0.666667,0.0,0.111111,1,11,3000.0,3110.052742,132.446091,0.2,9
5311,133.68751,1.0,1139.2,0.0,1139.2,0.0,1.0,0.0,0.875,0.0,0,15,3000.0,957.152839,116.355394,0.833333,8
4221,1295.446588,1.0,886.37,886.37,0.0,1310.182842,0.333333,0.333333,0.0,0.416667,8,7,1800.0,2966.291948,493.349977,0.0,12
303,228.909884,1.0,2617.85,2426.43,191.42,0.0,1.0,0.916667,0.416667,0.0,0,35,1800.0,1774.318305,143.208454,0.7,12
8379,1107.099917,1.0,473.64,0.0,473.64,956.509038,1.0,0.0,0.916667,0.083333,1,12,1200.0,501.511019,556.905288,0.0,12
1443,3457.086184,1.0,2448.6,0.0,2448.6,0.0,1.0,0.0,1.0,0.0,0,12,1700.0,227.514473,38512.12477,0.0,12
3255,1245.943963,1.0,5848.55,3843.33,2005.22,0.0,1.0,1.0,1.0,0.0,0,73,5000.0,4833.588891,271.982369,0.0,12
7437,1080.667451,1.0,3895.67,697.85,3197.82,135.404437,1.0,0.416667,1.0,0.166667,3,49,6500.0,2571.280305,314.038049,0.166667,12
4243,945.793928,1.0,253.31,253.31,0.0,152.277594,0.333333,0.333333,0.0,0.083333,2,4,1000.0,676.496604,536.299167,0.0,12
1581,36.898142,0.909091,942.34,0.0,942.34,0.0,0.916667,0.0,0.916667,0.0,0,21,1500.0,1007.917726,98.74335,0.666667,12
2441,170.33501,1.0,586.95,71.52,515.43,0.0,1.0,0.083333,1.0,0.0,0,24,1000.0,502.525334,174.80595,0.083333,12
1625,1135.452712,1.0,374.94,0.0,374.94,1062.414129,1.0,0.0,0.888889,0.111111,2,9,1200.0,415.322291,678.223873,0.0,9
3945,1924.657194,1.0,0.0,0.0,0.0,906.645286,0.0,0.0,0.0,0.166667,2,0,2500.0,428.488182,715.614697,0.0,12
575,204.584048,0.818182,0.0,0.0,0.0,628.366944,0.0,0.0,0.0,0.25,3,0,1600.0,1933.810453,152.106855,0.0,12
2259,1203.464556,1.0,440.0,0.0,440.0,1472.061257,0.333333,0.0,0.25,0.083333,3,4,3000.0,584.787421,267.430198,0.0,12
1411,793.713659,1.0,1307.0,1307.0,0.0,0.0,0.166667,0.166667,0.0,0.0,0,1,3000.0,1533.10785,115.667981,0.0,6
5431,1070.59508,1.0,0.0,0.0,0.0,54.379041,0.0,0.0,0.0,0.25,3,0,1200.0,1513.629514,502.813712,0.083333,12
8171,1495.801569,1.0,420.03,320.03,100.0,0.0,1.0,0.25,1.0,0.0,0,16,6600.0,1283.885302,389.191998,0.0,12
3505,6313.362606,0.909091,0.0,0.0,0.0,9687.179224,0.0,0.0,0.0,0.636364,11,0,10000.0,6291.189848,1246.208875,0.090909,11
3761,1054.466688,1.0,142.8,142.8,0.0,0.0,0.166667,0.166667,0.0,0.0,0,2,1200.0,515.767434,319.949186,0.0,12
3821,788.257316,1.0,9113.78,6138.57,2975.21,0.0,1.0,1.0,1.0,0.0,0,128,12000.0,7035.994095,243.938058,1.0,12
887,2865.386926,1.0,0.0,0.0,0.0,965.180677,0.0,0.0,0.0,0.416667,7,0,6500.0,1186.905688,726.990921,0.0,12
3139,27.164388,1.0,554.35,464.63,89.72,0.0,1.0,1.0,0.166667,0.0,0,16,3000.0,446.722613,145.306865,0.272727,12
4329,37.261373,1.0,498.65,51.05,447.6,0.0,1.0,0.083333,1.0,0.0,0,29,7000.0,487.168856,164.505587,0.666667,12
8477,6891.424677,1.0,4399.07,3705.13,693.94,1838.093797,1.0,1.0,0.333333,0.25,4,80,11150.0,1834.501318,1864.863139,0.0,12
4417,1775.884148,1.0,0.0,0.0,0.0,2444.627773,0.0,0.0,0.0,0.333333,14,0,2500.0,399.8626,646.089964,0.0,12
6183,17.820255,0.545455,123.72,0.0,123.72,0.0,0.333333,0.0,0.333333,0.0,0,4,3000.0,270.589779,133.760906,0.428571,12
8649,134.238558,1.0,420.0,287.0,133.0,0.0,0.583333,0.083333,0.416667,0.0,0,7,7500.0,519.436959,190.475641,0.0,12
7305,165.700863,1.0,1806.97,132.81,1674.16,0.0,1.0,0.25,1.0,0.0,0,28,3500.0,1595.482975,163.30874,1.0,12
8375,21.168201,1.0,236.4,8.4,228.0,0.0,1.0,1.0,1.0,0.0,0,24,2500.0,217.008342,178.169321,0.833333,12
6257,2724.685011,1.0,0.0,0.0,0.0,724.694411,0.0,0.0,0.0,0.25,5,0,3000.0,1351.895242,997.918515,0.0,12
399,1.063114,0.090909,20.74,0.0,20.74,0.0,0.166667,0.0,0.166667,0.0,0,2,1500.0,168.489938,98.859855,0.0,12
3617,193.207812,1.0,1937.7,1937.7,0.0,0.0,1.0,1.0,0.0,0.0,0,30,2000.0,2100.802868,169.00964,0.916667,12
1601,1544.279694,1.0,0.0,0.0,0.0,472.46147,0.0,0.0,0.0,0.416667,8,0,1600.0,771.903463,704.457126,0.0,12
6711,247.063258,1.0,1448.74,0.0,1448.74,0.0,1.0,0.0,1.0,0.0,0,23,5000.0,1313.816616,183.31064,0.0,12
1387,1766.619204,1.0,261.12,233.54,27.58,958.092503,0.5,0.416667,0.166667,0.916667,21,8,1950.0,1508.080601,398.520851,0.0,12
5323,635.090434,0.818182,5758.71,2252.37,3506.34,0.0,0.75,0.25,0.75,0.0,0,48,2900.0,7943.57021,197.416104,1.0,12
4813,54.933231,0.272727,495.0,0.0,495.0,0.0,0.166667,0.0,0.166667,0.0,0,2,7000.0,1969.845566,147.049952,1.0,12
3783,869.328293,0.75,0.0,0.0,0.0,1153.925205,0.0,0.0,0.0,0.125,3,0,1200.0,150.755024,337.986933,0.0,8
3205,448.788728,1.0,32.38,32.38,0.0,545.642707,0.083333,0.083333,0.0,0.083333,2,1,5000.0,0.0,,0.0,12
7143,1106.815562,1.0,0.0,0.0,0.0,176.181983,0.0,0.0,0.0,0.166667,3,0,1200.0,310.991074,269.927525,0.0,12
4069,2247.126627,0.5,0.0,0.0,0.0,6634.23196,0.0,0.0,0.0,0.4,12,0,7000.0,316.025009,1206.81646,0.0,10
2409,5523.175617,0.888889,0.0,0.0,0.0,4104.980885,0.0,0.0,0.0,0.555556,5,0,6500.0,4355.053996,1018.17216,0.0,9
2077,474.451835,0.545455,0.0,0.0,0.0,1016.333944,0.0,0.0,0.0,0.25,8,0,1200.0,414.218007,310.343372,0.0,12
4879,1585.763627,0.625,85.69,85.69,0.0,2649.776206,0.125,0.125,0.0,0.25,6,2,3000.0,316.55616,538.259971,0.0,8
1123,8.849404,0.454545,220.99,0.0,220.99,0.0,0.916667,0.0,0.833333,0.0,0,11,1000.0,286.305162,52.843213,0.125,12
3181,157.763858,0.909091,211.07,211.07,0.0,0.0,0.25,0.25,0.0,0.0,0,4,1400.0,994.915444,186.548599,0.1,12
4967,293.979281,1.0,45.65,45.65,0.0,0.0,0.083333,0.083333,0.0,0.0,0,1,1800.0,486.063311,252.868183,0.0,12
47,31.552814,0.545455,1428.02,509.0,919.02,0.0,1.0,0.25,1.0,0.0,0,37,1500.0,1137.556503,45.155492,0.0,12
5059,256.02662,0.909091,2098.56,1798.3,300.26,0.0,0.909091,0.909091,0.272727,0.0,0,22,3000.0,1909.534262,155.695781,0.25,11
3109,2.549291,0.181818,322.98,322.98,0.0,0.0,0.166667,0.166667,0.0,0.0,0,3,9500.0,1210.429773,5.458904,0.0,12
3173,830.073634,1.0,0.0,0.0,0.0,1803.238152,0.0,0.0,0.0,0.25,7,0,14000.0,2173.470034,233.202069,0.0,12
4901,1572.097459,1.0,0.0,0.0,0.0,1128.876546,0.0,0.0,0.0,0.083333,3,0,2500.0,402.317895,402.142382,0.0,12
4611,1050.527038,0.818182,8880.59,2269.45,6611.14,0.0,1.0,0.333333,1.0,0.0,0,64,8500.0,7713.262155,266.749027,0.0,12
3561,2629.928623,1.0,2830.88,2019.76,811.12,95.275458,0.916667,0.916667,0.416667,0.083333,1,62,4500.0,4889.053647,1141.960634,0.0,12
6855,53.339006,1.0,315.48,0.0,315.48,0.0,1.0,0.0,1.0,0.0,0,12,1000.0,193.699669,162.729509,0.0,12
5569,74.34204,1.0,724.52,200.0,524.52,0.0,1.0,0.083333,1.0,0.0,0,13,4000.0,529.362717,189.362616,0.916667,12
8563,5088.216894,1.0,4381.86,2825.56,1556.3,951.294749,1.0,1.0,0.666667,0.083333,1,50,7000.0,2410.061408,1205.692287,0.0,12
1981,531.349404,1.0,1599.02,817.8,781.22,0.0,1.0,0.25,1.0,0.0,0,46,8000.0,1369.654983,200.078137,0.0,12
8495,2178.733642,1.0,0.0,0.0,0.0,988.704211,0.0,0.0,0.0,0.1,1,0,3000.0,642.035001,579.522074,0.0,10
6437,344.532447,1.0,3603.0,1990.05,1612.95,0.0,1.0,1.0,1.0,0.0,0,44,6000.0,2912.826118,186.295633,1.0,12
5875,272.624436,0.888889,1843.0,470.0,1373.0,0.0,0.666667,0.111111,0.444444,0.0,0,6,1000.0,1477.357626,140.980969,0.4,9
3187,1354.161432,1.0,0.0,0.0,0.0,602.502862,0.0,0.0,0.0,0.333333,11,0,1500.0,313.83656,393.651962,0.0,12
1685,127.992071,0.545455,593.0,0.0,593.0,580.391722,1.0,0.0,0.916667,0.083333,1,12,2000.0,1158.659124,90.139909,0.0,12
3957,314.507915,0.727273,3492.21,3195.21,297.0,0.0,0.583333,0.583333,0.166667,0.0,0,13,8500.0,4089.583027,152.410485,0.833333,12
2341,1623.176564,0.909091,0.0,0.0,0.0,3478.643597,0.0,0.0,0.0,0.818182,34,0,3000.0,1007.211689,433.963634,0.0,11
5979,508.598624,1.0,0.0,0.0,0.0,950.084436,0.0,0.0,0.0,0.083333,1,0,11500.0,974.764661,217.361776,0.0,12
7117,2924.757622,1.0,0.0,0.0,0.0,281.044645,0.0,0.0,0.0,0.166667,3,0,3000.0,677.649435,1187.962476,0.0,12
8301,11.316443,0.181818,112.23,112.23,0.0,0.0,0.083333,0.083333,0.0,0.0,0,1,3000.0,636.15056,88.670668,0.0,12
915,2406.569238,1.0,0.0,0.0,0.0,94.706407,0.0,0.0,0.0,0.25,4,0,2400.0,314.272712,10774.73572,0.0,12
2065,4246.430225,1.0,0.0,0.0,0.0,9270.408108,0.0,0.0,0.0,0.666667,16,0,7000.0,6010.525656,1793.262654,0.083333,12
3689,494.045664,1.0,583.2,240.44,342.76,0.0,1.0,0.25,0.916667,0.0,0,25,2000.0,370.803775,333.663101,0.0,12
3167,4338.606862,1.0,0.0,0.0,0.0,1817.569093,0.0,0.0,0.0,0.083333,4,0,8000.0,8019.800702,964.118618,0.0,12
7053,2270.429964,1.0,8257.26,6367.49,1889.77,4134.316549,1.0,1.0,1.0,0.75,15,139,13000.0,12080.20143,595.825281,0.25,12
3091,3.833185,0.125,45.0,45.0,0.0,0.0,0.125,0.125,0.0,0.0,0,1,500.0,0.0,,0.0,8
6229,1436.996287,1.0,0.0,0.0,0.0,73.568388,0.0,0.0,0.0,0.25,4,0,1500.0,292.521349,503.505212,0.0,12
4343,121.294493,0.75,385.26,385.26,0.0,169.554775,0.5,0.5,0.0,0.125,3,7,500.0,98.225317,113.944625,0.0,8
7127,1262.631995,0.909091,405.0,405.0,0.0,0.0,1.0,1.0,0.0,0.0,0,11,7000.0,586.551078,424.343093,0.0,11
3009,1959.35945,1.0,0.0,0.0,0.0,2757.579869,0.0,0.0,0.0,0.5,6,0,4000.0,1542.366508,460.734661,0.0,12
1285,62.759232,0.545455,311.55,311.55,0.0,0.0,0.166667,0.166667,0.0,0.0,0,5,1200.0,525.904979,86.934441,0.0,12
645,1117.683394,0.909091,45.65,45.65,0.0,0.0,0.090909,0.090909,0.0,0.0,0,1,1200.0,287.581425,371.232319,0.0,11
7553,16.629043,0.272727,286.56,0.0,286.56,0.0,0.25,0.0,0.25,0.0,0,3,1500.0,1080.55703,130.267549,1.0,12
7863,444.841702,1.0,218.59,218.59,0.0,0.0,0.083333,0.083333,0.0,0.0,0,4,500.0,223.771445,226.769925,0.0,12
995,4677.242936,1.0,125.0,0.0,125.0,2406.229924,0.583333,0.0,0.5,0.5,6,10,5000.0,1087.866649,1092.737436,0.0,12
4503,970.120944,1.0,120.0,120.0,0.0,394.626936,0.083333,0.083333,0.0,0.25,8,1,1500.0,1646.068152,299.386794,0.0,12
4659,46.816731,1.0,539.88,0.0,539.88,0.0,1.0,0.0,1.0,0.0,0,14,6000.0,457.377375,187.088484,0.75,12
4297,866.363389,1.0,4127.83,0.0,4127.83,0.0,0.75,0.0,0.75,0.0,0,15,7500.0,4774.49325,4419.482273,0.166667,12
4363,7295.920263,1.0,0.0,0.0,0.0,721.214369,0.0,0.0,0.0,0.25,4,0,7500.0,1984.351035,3082.801095,0.0,12
6451,275.470825,1.0,2967.42,1903.72,1063.7,0.0,0.916667,0.666667,0.916667,0.0,0,40,3500.0,2569.455026,169.807651,0.333333,12
6441,1127.633173,1.0,422.55,422.55,0.0,150.157754,0.333333,0.333333,0.0,0.083333,1,8,1200.0,167.203806,3078.97554,0.0,12
6813,172.70596,1.0,55.0,0.0,55.0,0.0,0.333333,0.0,0.333333,0.0,0,4,1500.0,190.74504,309.538715,0.0,12
957,27.539766,0.636364,578.0,0.0,578.0,0.0,0.666667,0.0,0.666667,0.0,0,8,5000.0,780.002496,153.433604,1.0,12
7477,94.83691,1.0,1027.84,93.0,934.84,0.0,1.0,0.083333,1.0,0.0,0,28,18000.0,1041.284778,173.91503,0.416667,12
7757,0.0,0.0,140.4,0.0,140.4,0.0,1.0,0.0,1.0,0.0,0,12,2200.0,124.99276,,0.0,12
2523,972.665818,1.0,10549.19,9180.41,1368.78,0.0,1.0,1.0,1.0,0.0,0,248,9000.0,10114.18854,209.881639,1.0,12
4365,7.099375,0.363636,81.12,0.0,81.12,0.0,0.25,0.0,0.166667,0.0,0,3,4000.0,157.006258,86.15393,0.5,12
8943,2584.317807,1.0,0.0,0.0,0.0,6036.492283,0.0,0.0,0.0,0.25,7,0,3000.0,6024.595066,826.013735,0.181818,12
7089,7337.853622,1.0,0.0,0.0,0.0,3889.579805,0.0,0.0,0.0,0.75,21,0,9000.0,2526.186156,2075.774372,0.0,12
4057,366.68899,1.0,653.21,0.0,653.21,0.0,1.0,0.0,1.0,0.0,0,30,3000.0,276.166583,193.830954,0.0,12
3015,3024.629054,1.0,0.0,0.0,0.0,2171.139178,0.0,0.0,0.0,0.333333,10,0,4500.0,4226.578611,691.692633,0.0,12
6045,142.278809,0.909091,164.68,32.74,131.94,0.0,0.833333,0.083333,0.666667,0.0,0,10,2500.0,539.762925,141.426265,0.0,12
2049,1690.352634,1.0,0.0,0.0,0.0,1359.175968,0.0,0.0,0.0,0.166667,4,0,3500.0,373.741157,640.422897,0.0,12
5865,38.342505,0.454545,134.28,134.28,0.0,0.0,0.083333,0.083333,0.0,0.0,0,3,6000.0,361.809474,73.633343,0.181818,12
2229,1426.870236,1.0,0.0,0.0,0.0,98.687898,0.0,0.0,0.0,0.083333,1,0,1500.0,324.97095,642.629679,0.0,12
829,16.023788,1.0,207.28,0.0,207.28,0.0,1.0,0.0,0.875,0.0,0,8,1000.0,173.073406,127.144223,0.714286,8
4535,35.518273,0.909091,283.8,0.0,283.8,0.0,0.833333,0.0,0.75,0.0,0,10,2500.0,302.73613,171.008635,0.666667,12
5189,37.980086,1.0,450.0,0.0,450.0,0.0,1.0,0.0,1.0,0.0,0,12,2700.0,425.280332,166.65223,0.666667,12
877,776.585568,1.0,773.36,119.8,653.56,0.0,0.333333,0.083333,0.25,0.0,0,7,3000.0,1169.758034,233.843501,0.0,12
5657,1034.026449,1.0,93.34,0.0,93.34,432.159364,0.25,0.0,0.25,0.083333,1,4,1500.0,294.925221,419.071157,0.0,12
4235,2586.357487,1.0,0.0,0.0,0.0,256.100571,0.0,0.0,0.0,0.083333,1,0,3000.0,658.61387,582.879568,0.0,12
1355,2936.43825,1.0,2177.32,1919.37,257.95,1935.422714,0.666667,0.416667,0.416667,0.416667,23,16,5000.0,1513.160603,2151.054928,0.0,12
8031,2494.868559,1.0,5491.79,1390.5,4101.29,0.0,1.0,0.5,1.0,0.0,0,52,17000.0,1015.311953,615.92402,0.0,12
6515,3338.863375,1.0,775.0,365.0,410.0,0.0,0.583333,0.166667,0.416667,0.0,0,8,8500.0,920.748289,784.929199,0.0,12
5169,6.682815,0.363636,202.15,0.0,202.15,0.0,0.416667,0.0,0.416667,0.0,0,5,4000.0,554.377554,99.249569,1.0,12
5887,3.992758,0.666667,0.0,0.0,0.0,126.723539,0.0,0.0,0.0,0.111111,1,0,1200.0,157.919567,54.574568,0.0,9
103,4037.305658,1.0,45.0,45.0,0.0,104.238064,0.083333,0.083333,0.0,0.083333,1,1,4500.0,1073.844885,968.941265,0.0,12
597,4037.543707,1.0,1005.72,220.0,785.72,6203.612318,0.833333,0.25,0.833333,0.666667,19,13,6000.0,3724.247764,1047.765097,0.083333,12
7453,16.371699,0.3,190.0,0.0,190.0,0.0,0.2,0.0,0.2,0.0,0,3,4000.0,322.114468,139.674841,0.5,10
1337,97.453056,0.818182,334.73,334.73,0.0,19.551802,0.083333,0.083333,0.0,0.083333,1,1,2500.0,234.271939,117.297542,0.25,12
8017,150.897044,0.181818,0.0,0.0,0.0,900.772781,0.0,0.0,0.0,0.083333,1,0,2500.0,0.0,,0.0,12
8639,2065.035103,1.0,1462.6,1262.6,200.0,0.0,0.583333,0.333333,0.416667,0.0,0,17,3500.0,3587.267621,533.024631,0.083333,12
3745,7143.680599,1.0,0.0,0.0,0.0,2999.900367,0.0,0.0,0.0,0.25,3,0,13000.0,8733.20327,1927.887547,0.0,12
3489,1369.969909,1.0,1770.0,1770.0,0.0,460.484164,0.166667,0.166667,0.0,0.083333,1,2,1800.0,1692.52541,365.78324,0.0,12
3031,1200.435451,1.0,886.56,661.56,225.0,0.0,1.0,1.0,0.25,0.0,0,15,1200.0,1118.707982,989.542477,0.0,12
3627,1264.152747,1.0,2358.28,2171.8,186.48,144.017573,1.0,0.5,0.833333,0.166667,2,28,2500.0,1175.753031,330.579046,0.166667,12
2247,14.731998,0.818182,121.5,0.0,121.5,0.0,0.818182,0.0,0.818182,0.0,0,9,4000.0,137.148597,125.135021,0.0,11
4595,3093.592745,1.0,47.69,82.41,0.0,1438.951061,0.166667,0.083333,0.0,0.583333,15,1,4100.0,4591.237633,723.343619,0.0,12
6309,127.727053,1.0,0.0,0.0,0.0,341.642911,0.0,0.0,0.0,0.083333,2,0,11000.0,1489.306631,167.320117,0.0,12
6375,16.707289,0.875,69.23,0.0,69.23,0.0,0.875,0.0,0.75,0.0,0,7,1500.0,43.829632,111.411433,0.0,8
8911,900.229315,1.0,250.72,250.72,0.0,0.0,0.5,0.5,0.0,0.0,0,6,6500.0,2362.786253,259.315944,0.083333,12
1743,517.118528,0.5,280.24,280.24,0.0,1295.246094,0.125,0.125,0.0,0.25,2,2,11000.0,6684.559773,77.662523,0.0,8
7631,1186.276559,1.0,391.67,391.67,0.0,0.0,0.5,0.5,0.0,0.0,0,8,1200.0,488.194864,927.681751,0.0,12
5849,343.966223,1.0,3927.12,0.0,3927.12,0.0,1.0,0.0,1.0,0.0,0,34,5500.0,3626.983417,198.454649,0.333333,12
2041,37.753941,0.363636,243.36,243.36,0.0,0.0,0.083333,0.083333,0.0,0.0,0,2,1800.0,546.417272,134.985783,0.25,12
8623,28.155795,0.454545,324.17,0.0,324.17,0.0,0.416667,0.0,0.416667,0.0,0,5,1500.0,354.506682,83.999117,0.4,12
315,1894.990608,1.0,0.0,0.0,0.0,1930.273374,0.0,0.0,0.0,0.166667,2,0,5500.0,767.315938,438.908538,0.0,12
265,45.972648,1.0,0.0,0.0,0.0,90.651341,0.0,0.0,0.0,0.083333,1,0,500.0,120.805392,122.432543,0.125,12
5973,1118.479084,1.0,325.95,203.96,121.99,0.0,0.666667,0.333333,0.25,0.0,0,9,2400.0,290.888289,369.130795,0.0,12
5557,15.232505,0.272727,384.0,0.0,384.0,0.0,1.0,0.0,1.0,0.0,0,12,1500.0,568.982664,54.449416,0.272727,12
3575,1455.180323,1.0,81.1,81.1,0.0,249.897384,0.083333,0.083333,0.0,0.25,5,1,1800.0,377.255832,587.838614,0.0,12
3231,1432.350154,1.0,0.0,0.0,0.0,353.621982,0.0,0.0,0.0,0.416667,7,0,1500.0,525.178843,540.921834,0.0,12
6333,7.215615,0.272727,54.45,54.45,0.0,0.0,0.083333,0.083333,0.0,0.0,0,1,2000.0,160.130111,205.168209,0.0,12
4729,2233.485479,1.0,0.0,0.0,0.0,99.651002,0.0,0.0,0.0,0.083333,1,0,5000.0,536.029708,527.131185,0.0,12
8377,1885.892405,1.0,675.69,675.69,0.0,232.702808,0.416667,0.416667,0.0,0.166667,3,5,2000.0,657.008002,577.720179,0.0,12
7459,2323.083307,0.888889,0.0,0.0,0.0,4750.570325,0.0,0.0,0.0,0.222222,2,0,6000.0,3537.546355,512.411472,0.142857,9
2825,447.648987,0.363636,17.8,17.8,0.0,2429.819782,0.083333,0.083333,0.0,0.25,3,1,2500.0,9858.055448,737.68264,0.5,12
4689,451.404363,1.0,2196.0,2154.34,41.66,0.0,0.833333,0.75,0.083333,0.0,0,14,1800.0,2142.056177,184.805024,0.166667,12
1939,655.786755,1.0,387.68,0.0,387.68,0.0,0.083333,0.0,0.083333,0.0,0,1,2000.0,1110.023792,644.26765,0.0,12
2995,185.924664,0.5,617.98,617.98,0.0,0.0,0.333333,0.333333,0.0,0.0,0,13,1200.0,58.469887,82.739003,0.0,6
5753,955.117067,1.0,0.0,0.0,0.0,3798.701398,0.0,0.0,0.0,0.5,13,0,4500.0,2413.364689,284.390966,0.0,12
269,1832.521787,1.0,0.0,0.0,0.0,131.233151,0.0,0.0,0.0,0.166667,3,0,2000.0,495.043669,1041.361298,0.0,12
5051,963.572006,1.0,2210.97,1741.3,469.67,0.0,1.0,1.0,0.416667,0.0,0,50,9500.0,2946.752322,345.15359,0.0,12
927,177.371967,1.0,534.0,0.0,534.0,0.0,0.666667,0.0,0.5,0.0,0,8,3500.0,453.357965,194.132474,0.0,12
2661,177.696201,1.0,2799.53,929.67,1869.86,0.0,1.0,0.416667,1.0,0.0,0,59,3000.0,2687.141741,177.614322,0.166667,12
8789,1850.509525,1.0,0.0,0.0,0.0,218.731138,0.0,0.0,0.0,0.416667,5,0,2000.0,498.436823,401.48809,0.0,12
2443,39.02645,0.888889,158.96,0.0,158.96,0.0,0.888889,0.0,0.777778,0.0,0,8,1500.0,117.452297,122.755349,0.0,9
35,1032.823341,1.0,1540.06,1395.13,144.93,0.0,1.0,0.916667,1.0,0.0,0,28,4000.0,3846.028003,322.506371,0.181818,12
3459,1327.775159,1.0,534.93,0.0,534.93,114.667852,1.0,0.0,1.0,0.083333,1,38,1500.0,578.744266,400.735862,0.0,12
7809,394.269079,0.363636,525.0,525.0,0.0,2003.827851,0.083333,0.083333,0.0,0.25,12,1,2500.0,3747.367504,82.631551,0.0,12
1193,712.91077,1.0,602.3,413.99,188.31,0.0,1.0,1.0,0.666667,0.0,0,26,7500.0,455.465188,205.19717,0.0,12
6403,1095.041551,1.0,1132.36,377.44,754.92,0.0,1.0,0.333333,1.0,0.0,0,43,2500.0,410.973222,405.230106,0.0,12
7435,1150.307564,1.0,1189.04,0.0,1189.04,0.0,1.0,0.0,1.0,0.0,0,12,15000.0,3016.935137,332.492063,0.0,12
2959,292.888058,0.777778,426.0,0.0,426.0,2047.303874,0.333333,0.0,0.222222,0.444444,5,3,2500.0,2212.216039,101.295693,0.4,9
1011,2056.866139,1.0,3373.7,3373.7,0.0,0.0,0.833333,0.833333,0.0,0.0,0,31,7000.0,2647.183713,490.378067,0.0,12
3915,666.247487,1.0,511.34,103.0,408.34,100.749379,0.833333,0.083333,0.833333,0.166667,4,12,700.0,1145.870591,768.267252,0.0,12
7733,282.588132,0.727273,170.0,170.0,0.0,0.0,0.083333,0.083333,0.0,0.0,0,1,5500.0,1499.355812,209.440652,0.0,12
3219,181.891981,0.5,0.0,0.0,0.0,1865.191764,0.0,0.0,0.0,0.5,10,0,2000.0,4565.356495,88.057892,1.0,6
7241,4507.000722,1.0,7394.18,2288.2,5105.98,5424.701791,1.0,0.916667,1.0,0.833333,40,130,11000.0,10460.87946,1076.5895,0.0,12
8465,984.135371,1.0,599.58,590.0,9.58,0.0,0.333333,0.333333,0.083333,0.0,0,5,3000.0,782.954766,204.154837,0.0,12
5367,863.988978,0.555556,160.8,0.0,160.8,2259.94053,0.555556,0.0,0.444444,0.333333,3,5,3000.0,216.340896,461.990627,0.0,9
5661,6851.39075,0.909091,4004.0,117.0,3887.0,10616.27014,0.909091,0.181818,0.818182,0.363636,17,18,7500.0,6746.5317,22011.7798,0.0,11
5807,1539.375352,1.0,100.0,100.0,0.0,0.0,0.083333,0.083333,0.0,0.0,0,1,3000.0,420.283303,450.302969,0.0,12
4415,1465.996562,1.0,2498.92,222.99,2275.93,0.0,1.0,0.166667,1.0,0.0,0,36,3500.0,676.452393,421.840324,0.0,12
3073,7499.30365,1.0,350.57,350.57,0.0,948.293789,0.083333,0.083333,0.0,0.25,6,3,7500.0,1326.434054,19060.53475,0.0,12
1089,1923.886805,1.0,1887.64,0.0,1887.64,1605.949371,1.0,0.0,1.0,0.083333,4,61,1850.0,3688.045998,3266.996777,0.083333,12
6639,118.918332,0.833333,1151.64,365.0,786.64,0.0,0.833333,0.166667,0.5,0.0,0,8,2000.0,891.287913,70.63746,1.0,6
8039,98.252565,1.0,1021.24,0.0,1021.24,0.0,1.0,0.0,1.0,0.0,0,88,3000.0,1080.276225,185.948948,0.5,12
7415,0.0,0.0,609.0,0.0,609.0,0.0,1.0,0.0,1.0,0.0,0,12,2500.0,893.429001,,0.0,12
3757,1061.570865,1.0,0.0,0.0,0.0,525.428754,0.0,0.0,0.0,0.166667,2,0,2500.0,417.214903,235.325924,0.0,12
7941,212.282538,0.545455,1698.9,1698.9,0.0,0.0,0.25,0.25,0.0,0.0,0,10,3000.0,2865.759368,191.098681,1.0,12
8077,134.62028,0.818182,648.9,648.9,0.0,295.655611,0.25,0.25,0.0,0.166667,2,5,1200.0,468.622826,156.724637,0.25,12
7921,1216.594927,1.0,878.64,757.8,120.84,155.804123,0.75,0.75,0.166667,0.166667,2,20,1200.0,654.24428,1296.173027,0.0,12
8325,272.310015,1.0,575.3,220.34,354.96,0.0,1.0,0.083333,1.0,0.0,0,14,1500.0,354.086664,201.23698,0.0,12
4895,1215.047947,1.0,0.0,0.0,0.0,204.182088,0.0,0.0,0.0,0.166667,2,0,1500.0,315.553886,315.206825,0.0,12
2151,126.018616,1.0,1218.24,0.0,1218.24,0.0,1.0,0.0,1.0,0.0,0,18,5000.0,1040.640647,153.824693,0.272727,12
3019,4158.137668,1.0,8.4,8.4,0.0,0.0,1.0,1.0,0.0,0.0,0,12,7500.0,1001.17541,1917.458466,0.0,12
7907,2935.397877,1.0,0.0,0.0,0.0,343.694226,0.0,0.0,0.0,0.333333,10,0,3000.0,949.675235,2723.330171,0.0,12
7185,43.354029,1.0,617.34,0.0,617.34,0.0,0.916667,0.0,0.916667,0.0,0,19,1200.0,564.845244,160.071637,0.583333,12
2605,15.281665,0.636364,124.25,0.0,124.25,0.0,0.583333,0.0,0.583333,0.0,0,7,4000.0,211.115274,156.915101,0.285714,12
6887,69.920933,0.727273,680.0,0.0,680.0,0.0,0.727273,0.0,0.636364,0.0,0,8,3500.0,668.711777,184.993332,0.857143,11
1677,148.511058,0.363636,562.24,349.0,213.24,0.0,0.333333,0.083333,0.25,0.0,0,5,9000.0,18.208604,74.16386,0.0,12
6851,81.311082,0.727273,851.38,851.38,0.0,0.0,0.416667,0.416667,0.0,0.0,0,6,8500.0,964.675607,71.093469,0.25,12
7219,1092.570471,1.0,624.36,0.0,624.36,0.0,1.0,0.0,1.0,0.0,0,24,1000.0,653.319911,1210.133021,0.0,12
2021,3613.551586,1.0,2653.49,2033.01,620.48,3516.374364,0.833333,0.666667,0.5,0.666667,20,38,6500.0,868.565652,1183.572986,0.0,12
7153,21.357267,1.0,212.87,0.0,212.87,0.0,1.0,0.0,0.857143,0.0,0,7,1000.0,169.713838,103.387362,1.0,7
3479,810.089776,0.909091,1428.89,1428.89,0.0,0.0,0.181818,0.181818,0.0,0.0,0,11,2500.0,1576.842421,395.761881,0.0,11
7289,1193.342587,1.0,311.45,149.15,162.3,1199.531976,0.833333,0.25,0.666667,0.5,8,13,2500.0,632.546287,413.19731,0.0,12
187,13.44199,0.454545,56.51,0.0,56.51,0.0,0.25,0.0,0.25,0.0,0,3,1000.0,190.431651,153.286406,0.166667,12
3025,139.511394,1.0,1247.75,137.84,1109.91,404.441902,1.0,0.166667,1.0,0.166667,2,31,5000.0,2017.650301,185.221234,0.5,12
4029,2339.037958,1.0,1823.56,0.0,1823.56,435.165222,1.0,0.0,1.0,0.083333,2,20,1800.0,890.623152,16638.3541,0.0,12
6319,1683.116573,1.0,98.0,98.0,0.0,240.304769,0.083333,0.083333,0.0,0.166667,4,1,1800.0,554.101761,556.407341,0.0,12
4661,1848.248809,1.0,307.12,307.12,0.0,0.0,0.083333,0.083333,0.0,0.0,0,2,8500.0,3421.846931,470.192366,0.0,12
5125,2384.257016,1.0,0.0,0.0,0.0,99.110887,0.0,0.0,0.0,0.166667,2,0,2500.0,564.37975,847.079637,0.0,12
7793,613.259699,1.0,0.0,0.0,0.0,57.112427,0.0,0.0,0.0,0.083333,2,0,700.0,241.173093,255.32232,0.0,12
1759,51.923357,0.3,835.31,250.0,585.31,0.0,0.5,0.1,0.4,0.0,0,13,7000.0,832.140348,70.583398,0.25,10
7621,1297.740903,0.909091,944.44,0.0,944.44,1382.21391,1.0,0.0,1.0,0.166667,5,32,1500.0,2685.673905,1509.468577,0.0,12
8667,1764.908055,0.727273,0.0,0.0,0.0,1552.832951,0.0,0.0,0.0,0.25,6,0,3666.666667,5126.650633,654.751791,0.125,12
3909,911.893997,1.0,1604.8,1527.3,77.5,1302.014616,0.25,0.25,0.083333,0.083333,2,11,4500.0,191.366024,307.812023,0.083333,12
5587,812.839893,0.875,1160.09,932.09,228.0,3129.703318,0.875,0.375,0.5,0.875,8,13,2000.0,4900.523879,197.894736,0.2,8
67,0.0,0.0,19.25,0.0,19.25,0.0,0.083333,0.0,0.083333,0.0,0,1,4000.0,0.0,,0.0,12
505,440.263759,1.0,891.66,891.66,0.0,0.0,0.25,0.25,0.0,0.0,0,3,7500.0,619.251006,188.075723,0.0,12
2325,1172.183909,1.0,1700.0,900.0,800.0,0.0,0.666667,0.083333,0.666667,0.0,0,10,8000.0,1271.291305,360.944075,0.0,12
4823,2447.62454,1.0,116.16,26.16,90.0,729.174169,0.5,0.083333,0.416667,0.083333,1,7,7500.0,525.469962,571.995314,0.0,12
219,4931.331857,1.0,901.42,646.07,255.35,8530.648614,0.625,0.375,0.25,0.875,37,9,12000.0,8113.297346,1012.415961,0.0,8
831,2596.59993,1.0,0.0,0.0,0.0,1700.074178,0.0,0.0,0.0,0.5,9,0,3000.0,1794.421173,936.618592,0.0,12
5019,8198.627284,1.0,0.0,0.0,0.0,2909.753084,0.0,0.0,0.0,0.416667,6,0,14000.0,2141.722429,2007.048657,0.0,12
359,1669.488962,1.0,0.0,0.0,0.0,254.011804,0.0,0.0,0.0,0.166667,4,0,1800.0,571.589438,494.062935,0.0,12
1437,38.015366,1.0,213.95,0.0,213.95,0.0,0.916667,0.0,0.833333,0.0,0,11,1500.0,163.496451,179.415689,0.444444,12
4209,923.977036,1.0,0.0,0.0,0.0,6616.555691,0.0,0.0,0.0,0.416667,6,0,2500.0,5155.088326,320.494371,0.2,12
5961,4.256664,0.181818,31.25,0.0,31.25,0.0,0.083333,0.0,0.083333,0.0,0,1,1000.0,0.0,,0.0,12
6029,45.171225,0.636364,160.0,160.0,0.0,0.0,0.083333,0.083333,0.0,0.0,0,1,500.0,197.019336,94.411065,0.0,12
7589,2716.981814,1.0,0.0,0.0,0.0,1486.243293,0.0,0.0,0.0,0.416667,5,0,8000.0,648.230914,651.277648,0.0,12
3805,7834.073316,1.0,239.58,0.0,239.58,5160.785017,0.083333,0.0,0.083333,0.333333,5,2,12000.0,8848.955996,2295.921053,0.0,12
3333,536.104848,1.0,8591.31,8008.5,582.81,0.0,0.916667,0.666667,0.166667,0.0,0,14,1000.0,8390.497243,659.502436,0.416667,12
4741,454.580913,1.0,1229.57,1229.57,0.0,0.0,0.416667,0.416667,0.0,0.0,0,16,2700.0,1125.497981,192.979922,0.0,12
2147,1670.918981,1.0,1543.83,1406.33,137.5,899.326582,1.0,1.0,0.25,0.083333,2,32,7000.0,757.409319,370.39189,0.0,12
241,396.376998,1.0,286.74,52.49,234.25,0.0,0.75,0.083333,0.666667,0.0,0,15,1000.0,232.783063,187.565813,0.0,12
8685,568.690902,1.0,103.68,103.68,0.0,455.053644,0.083333,0.083333,0.0,0.083333,1,4,7500.0,1555.880234,264.213167,0.0,12
6285,10.118033,0.1,0.0,0.0,0.0,197.521871,0.0,0.0,0.0,0.1,1,0,1500.0,648.301187,148.644436,0.0,10
8659,16.657046,0.363636,186.32,65.0,121.32,0.0,0.166667,0.083333,0.083333,0.0,0,4,600.0,28.317708,55.354917,0.0,12
4571,50.82451,1.0,456.0,0.0,456.0,0.0,1.0,0.0,1.0,0.0,0,12,1000.0,339.113852,165.116059,0.583333,12
6349,2533.618119,0.909091,5633.83,2985.92,2647.91,2451.807788,0.916667,0.5,0.75,0.333333,16,82,9000.0,8176.953944,602.963244,0.0,12
5267,62.996845,1.0,779.7,290.0,489.7,0.0,1.0,0.166667,0.833333,0.0,0,14,9000.0,775.601851,155.518201,0.5,12
1779,1184.971992,1.0,0.0,0.0,0.0,4743.715012,0.0,0.0,0.0,0.5,10,0,3000.0,2355.267462,268.140818,0.0,12
2515,46.054436,1.0,812.97,598.09,214.88,0.0,1.0,0.916667,1.0,0.0,0,24,6000.0,1314.537349,191.480116,1.0,12
5299,1283.032349,1.0,0.0,0.0,0.0,75.783817,0.0,0.0,0.0,0.166667,2,0,1500.0,398.772365,749.765219,0.0,12
7079,105.216147,1.0,1445.55,1135.55,310.0,0.0,1.0,1.0,0.416667,0.0,0,32,13500.0,1267.655533,179.377143,0.9,12
4629,25.184241,0.181818,0.0,0.0,0.0,519.538738,0.0,0.0,0.0,0.083333,5,0,6000.0,2161.530837,55.542128,1.0,12
1503,784.889762,0.909091,1526.59,786.3,740.29,2188.419607,0.583333,0.416667,0.333333,0.25,11,27,3000.0,1262.309666,363.142736,0.111111,12
1197,1024.990375,1.0,0.0,0.0,0.0,58.443227,0.0,0.0,0.0,0.166667,3,0,1200.0,291.517362,311.113799,0.0,12
8169,1228.217369,1.0,836.4,0.0,836.4,382.163862,1.0,0.0,1.0,0.083333,1,24,1400.0,1163.702341,758.120882,0.0,12
2545,5968.583246,1.0,22381.97,19150.02,3231.95,0.0,1.0,1.0,0.583333,0.0,0,87,14500.0,20343.28681,1966.191831,0.0,12
5277,3790.510114,1.0,2626.06,2236.68,389.38,0.0,1.0,1.0,1.0,0.0,0,62,7500.0,2057.425716,2605.968939,0.0,12
4509,1057.585071,1.0,1008.3,1008.3,0.0,0.0,0.916667,0.916667,0.0,0.0,0,15,1200.0,1083.253347,416.746641,0.0,12
8693,11.759081,0.181818,100.94,0.0,100.94,0.0,0.166667,0.0,0.166667,0.0,0,2,6000.0,567.062237,134.693402,0.666667,12
7083,219.709329,1.0,586.64,0.0,586.64,0.0,1.0,0.0,0.875,0.0,0,8,1000.0,156.939833,165.553894,0.0,8
2869,19.312066,1.0,334.8,0.0,334.8,0.0,1.0,0.0,1.0,0.0,0,12,5000.0,499.339328,69.334771,0.166667,12
2749,5598.864288,1.0,7194.53,6678.26,516.27,14200.89313,1.0,1.0,1.0,0.833333,37,69,15500.0,12487.36815,2074.900111,0.083333,12
3579,1346.777622,1.0,1798.15,357.8,1440.35,0.0,1.0,0.25,1.0,0.0,0,40,1500.0,1213.489835,712.170112,0.0,12
595,55.741802,0.818182,963.35,300.0,663.35,0.0,0.75,0.083333,0.583333,0.0,0,11,14000.0,1062.303105,142.613239,0.7,12
289,284.34843,0.545455,0.0,0.0,0.0,651.58766,0.0,0.0,0.0,0.090909,1,0,1500.0,429.615048,178.518687,0.0,11
593,61.268046,0.454545,491.11,171.11,320.0,0.0,0.25,0.083333,0.166667,0.0,0,5,5000.0,702.302424,135.813519,0.0,12
351,31.475251,1.0,479.96,0.0,479.96,0.0,1.0,0.0,1.0,0.0,0,35,2500.0,431.591387,176.765922,1.0,12
5747,1462.74666,1.0,2400.37,2113.74,286.63,0.0,1.0,0.666667,1.0,0.0,0,34,1700.0,2893.730422,757.436645,0.0,12
6491,1978.041097,1.0,0.0,0.0,0.0,1922.461395,0.0,0.0,0.0,0.166667,4,0,5500.0,1481.136548,477.284193,0.0,12
6093,74.0153,1.0,546.7,0.0,546.7,0.0,0.833333,0.0,0.75,0.0,0,10,4000.0,673.234502,153.314788,0.363636,12
8347,288.097302,1.0,2622.6,0.0,2622.6,0.0,1.0,0.0,1.0,0.0,0,12,450.0,2718.47954,2413.233231,0.833333,12
91,559.151424,1.0,94.0,94.0,0.0,0.0,0.25,0.25,0.0,0.0,0,3,5500.0,254.733329,218.279194,0.0,12
4461,9.72453,0.272727,158.34,0.0,158.34,0.0,0.333333,0.0,0.333333,0.0,0,4,6000.0,182.175514,55.480481,0.363636,12
8095,1543.194492,1.0,160.0,160.0,0.0,2956.595415,0.083333,0.083333,0.0,0.25,4,1,3000.0,692.776517,389.63531,0.0,12
6215,38.475299,0.818182,61.8,0.0,61.8,0.0,0.333333,0.0,0.333333,0.0,0,4,1000.0,165.771479,137.482544,0.0,12
549,24.382156,1.0,366.6,0.0,366.6,0.0,1.0,0.0,1.0,0.0,0,12,2000.0,335.625679,164.248719,1.0,12
1061,1116.44317,1.0,0.0,0.0,0.0,18.904244,0.0,0.0,0.0,0.083333,1,0,1200.0,264.159577,312.807548,0.0,12
5579,1305.266304,0.833333,1078.89,844.99,233.9,2081.15215,0.833333,0.833333,0.666667,0.666667,4,20,5000.0,164.080259,191.069553,0.0,6
6223,1624.004773,1.0,0.0,0.0,0.0,223.285625,0.0,0.0,0.0,0.25,5,0,1800.0,781.308189,489.267058,0.0,12
5635,230.823876,1.0,1842.33,0.0,1842.33,0.0,0.916667,0.0,0.833333,0.0,0,12,3000.0,1651.128297,174.020429,0.333333,12
5943,1751.368315,1.0,0.0,0.0,0.0,2811.456765,0.0,0.0,0.0,0.333333,12,0,6000.0,3898.309616,619.053896,0.0,12
5413,147.527826,0.727273,0.0,0.0,0.0,291.423252,0.0,0.0,0.0,0.181818,3,0,1200.0,114.87215,198.55418,0.0,11
2865,2315.997841,1.0,3643.93,2971.8,672.13,780.459161,0.916667,0.583333,0.833333,0.083333,1,36,7500.0,1256.695062,680.435223,0.0,12
3325,7.066111,0.181818,133.16,0.0,133.16,0.0,0.166667,0.0,0.083333,0.0,0,2,16000.0,0.0,,0.0,12
299,10116.70899,1.0,10166.69,3300.0,6866.69,0.0,0.833333,0.333333,0.666667,0.0,0,45,14000.0,2190.466875,4253.469898,0.0,12
6025,2608.143732,1.0,207.68,207.68,0.0,189.874314,0.083333,0.083333,0.0,0.083333,1,1,3000.0,1243.840314,638.679282,0.0,12
4633,2024.488164,1.0,0.0,0.0,0.0,1374.874243,0.0,0.0,0.0,0.083333,1,0,3000.0,3398.082374,678.700673,0.083333,12
4903,8.570991,0.272727,149.55,149.55,0.0,0.0,0.083333,0.083333,0.0,0.0,0,1,5000.0,447.377119,97.176376,0.0,12
7005,46.804861,1.0,443.3,0.0,443.3,0.0,1.0,0.0,0.909091,0.0,0,11,1000.0,401.588397,152.259932,0.888889,11
7683,222.321892,0.909091,2417.54,1709.14,708.4,0.0,0.75,0.333333,0.5,0.0,0,17,8500.0,2222.490788,162.999636,1.0,12
6001,91.597667,1.0,947.97,0.0,947.97,0.0,1.0,0.0,1.0,0.0,0,28,5000.0,876.723841,164.622858,0.833333,12
8601,0.737154,0.181818,427.5,0.0,427.5,0.0,1.0,0.0,1.0,0.0,0,23,1500.0,443.007864,15.052203,0.111111,12
2457,1328.483504,0.909091,1507.26,1011.6,495.66,2554.86412,0.818182,0.636364,0.545455,0.727273,33,22,2000.0,2281.634116,926.600197,0.111111,11
7537,218.948323,1.0,1858.33,1380.0,478.33,0.0,0.666667,0.333333,0.333333,0.0,0,14,4500.0,1934.821016,177.124786,0.5,12
1361,435.490797,1.0,0.0,0.0,0.0,58.565665,0.0,0.0,0.0,0.083333,2,0,500.0,220.136035,305.833099,0.0,12
3743,653.88103,0.909091,0.0,0.0,0.0,1366.204137,0.0,0.0,0.0,0.416667,7,0,1400.0,205.709969,271.728487,0.0,12
3667,2739.836747,0.909091,0.0,0.0,0.0,2970.288928,0.0,0.0,0.0,0.363636,5,0,3000.0,3418.06811,1384.882852,0.0,11
7547,991.773081,1.0,2020.0,2020.0,0.0,600.188405,0.25,0.25,0.0,0.333333,4,4,3400.0,1817.827772,322.297689,0.0,12
8755,25.414572,1.0,262.92,262.92,0.0,0.0,0.916667,0.916667,0.0,0.0,0,11,13000.0,280.367131,170.017741,0.636364,12
8713,5274.508501,1.0,324.96,0.0,324.96,1392.925291,1.0,0.0,1.0,0.25,5,12,5500.0,938.073283,2927.486552,0.0,12
4621,107.271213,1.0,726.42,0.0,726.42,0.0,0.833333,0.0,0.75,0.0,0,12,1000.0,744.715148,168.66921,0.888889,12
7247,219.749851,1.0,1208.38,0.0,1208.38,0.0,0.833333,0.0,0.833333,0.0,0,10,1000.0,1256.084967,187.61419,0.083333,12
1611,1245.654818,0.714286,626.56,626.56,0.0,1658.285219,0.428571,0.428571,0.0,0.285714,6,8,2500.0,249.873228,274.369204,0.0,7
5603,1271.212003,0.909091,76.94,76.94,0.0,0.0,0.181818,0.181818,0.0,0.0,0,2,1500.0,257.110005,277.714185,0.0,11
39,39.274052,0.545455,431.49,431.49,0.0,0.0,0.333333,0.333333,0.0,0.0,0,7,1500.0,745.768447,107.848735,0.0,12
4819,739.847303,0.909091,329.25,0.0,329.25,1153.945828,0.75,0.0,0.75,0.166667,6,13,1000.0,2406.97813,517.270094,0.0,12
631,20.594739,1.0,320.64,0.0,320.64,0.0,1.0,0.0,1.0,0.0,0,12,4000.0,273.840392,168.037964,0.416667,12
617,153.027262,1.0,1455.78,631.63,824.15,0.0,1.0,0.916667,0.916667,0.0,0,32,1500.0,1057.971559,167.104469,0.916667,12
1103,1880.817982,1.0,0.0,0.0,0.0,2335.94993,0.0,0.0,0.0,0.333333,5,0,2500.0,221.56819,374.197621,0.0,6
3839,25.576426,1.0,225.0,0.0,225.0,0.0,1.0,0.0,1.0,0.0,0,12,2700.0,232.652483,165.826627,0.416667,12
6495,3409.130731,1.0,0.0,0.0,0.0,4459.741851,0.0,0.0,0.0,0.666667,14,0,6000.0,2203.045653,1023.380975,0.0,12
3389,1173.662921,0.818182,0.0,0.0,0.0,1422.490362,0.0,0.0,0.0,0.083333,1,0,1800.0,238.582391,258.649795,0.0,12
1189,1732.715258,1.0,3244.16,2480.85,763.31,0.0,1.0,0.666667,0.5,0.0,0,29,11500.0,5674.185857,563.827502,0.0,12
6807,1076.586375,1.0,2204.54,877.89,1326.65,0.0,1.0,0.166667,1.0,0.0,0,50,1000.0,2514.502136,2301.241067,0.0,12
3105,931.907808,1.0,1142.12,0.0,1142.12,1113.924335,1.0,0.0,0.857143,0.285714,3,14,1000.0,957.421268,1064.015704,0.0,7
8705,7.056933,0.636364,85.8,0.0,85.8,0.0,0.333333,0.0,0.25,0.0,0,4,2400.0,132.51377,118.67516,0.333333,12
581,1029.85333,0.833333,727.51,727.51,0.0,1287.04473,0.333333,0.333333,0.0,0.666667,5,2,2500.0,86.723976,232.760827,0.0,6
3437,577.30163,1.0,3702.79,2940.9,761.89,202.413978,1.0,1.0,1.0,0.166667,2,35,5000.0,4168.726662,183.73478,0.166667,12
6951,912.912728,0.857143,0.0,0.0,0.0,1563.920556,0.0,0.0,0.0,0.285714,9,0,1500.0,212.084925,331.487123,0.0,7
141,5901.592192,1.0,1704.95,1141.55,563.4,0.0,0.583333,0.25,0.333333,0.0,0,9,8000.0,1886.692272,1474.409318,0.0,12
4223,98.420888,1.0,907.37,907.37,0.0,0.0,1.0,1.0,0.0,0.0,0,12,10000.0,908.907467,184.723457,1.0,12
3435,1841.468929,1.0,0.0,0.0,0.0,513.751922,0.0,0.0,0.0,0.5,10,0,2000.0,573.083099,678.078987,0.0,12
4315,613.893503,1.0,2078.56,1693.5,385.06,0.0,0.916667,0.666667,0.666667,0.0,0,31,1800.0,1013.159567,169.176825,0.0,12
7049,840.804076,0.666667,0.0,0.0,0.0,3671.777443,0.0,0.0,0.0,0.222222,5,0,4000.0,3621.266477,193.171404,0.0,9
7573,5942.683036,1.0,976.45,897.45,79.0,1963.562252,0.583333,0.583333,0.166667,0.166667,2,15,9000.0,1659.876332,1411.613705,0.0,12
3853,926.458992,0.818182,6200.71,5742.61,458.1,283.476295,0.666667,0.666667,0.416667,0.083333,1,49,7000.0,7932.430735,271.788449,0.142857,12
7869,42.51225,0.272727,523.15,75.2,447.95,0.0,0.25,0.083333,0.25,0.0,0,7,2000.0,925.820102,164.103619,1.0,12
7469,1295.733461,1.0,705.84,620.0,85.84,0.0,0.416667,0.083333,0.416667,0.0,0,8,1500.0,417.88231,571.226809,0.0,12
2725,957.289879,0.818182,66.66,0.0,66.66,2531.717743,0.166667,0.0,0.083333,0.25,12,2,3000.0,196.163184,353.354446,0.0,12
5443,5630.793848,1.0,2743.66,2743.66,0.0,2638.893572,0.75,0.75,0.0,0.166667,2,23,10500.0,1251.781578,1371.137719,0.0,12
123,1180.686055,1.0,243.04,0.0,243.04,56.662525,1.0,0.0,0.916667,0.083333,2,12,1200.0,498.424721,592.239705,0.0,12
6311,17.699123,0.454545,0.0,0.0,0.0,29.421611,0.0,0.0,0.0,0.083333,1,2,2000.0,178.288304,82.738431,0.333333,12
8441,1097.28593,1.0,0.0,0.0,0.0,37.643261,0.0,0.0,0.0,0.166667,2,0,1200.0,236.375748,259.21298,0.0,12
943,2372.842569,1.0,218.0,218.0,0.0,0.0,0.333333,0.333333,0.0,0.0,0,4,6500.0,529.808323,526.403412,0.0,12
637,561.003319,1.0,11577.0,10975.0,602.0,875.58307,1.0,1.0,0.5,0.25,6,97,5500.0,12148.50351,188.413837,0.666667,12
1069,2202.376446,1.0,0.0,0.0,0.0,1701.905324,0.0,0.0,0.0,0.166667,11,0,6000.0,512.773385,546.699776,0.0,12
5457,95.853493,0.545455,796.9,0.0,796.9,0.0,0.75,0.0,0.75,0.0,0,9,1950.0,1475.770687,160.568063,0.222222,12
1621,2000.759048,1.0,801.77,801.77,0.0,0.0,0.25,0.25,0.0,0.0,0,5,3000.0,538.119129,545.14376,0.0,12
2123,5598.352813,1.0,0.0,0.0,0.0,2698.171001,0.0,0.0,0.0,0.583333,26,0,6000.0,1421.321273,1718.462688,0.0,12
5947,539.072205,1.0,240.51,128.64,111.87,0.0,1.0,0.25,0.916667,0.0,0,14,500.0,340.349133,570.446577,0.0,12
3719,2684.333591,1.0,1958.59,1537.82,420.77,0.0,1.0,0.166667,1.0,0.0,0,23,4000.0,1115.39686,619.23114,0.0,12
6497,1390.563775,1.0,0.0,0.0,0.0,154.241717,0.0,0.0,0.0,0.083333,1,0,1500.0,506.958786,606.10374,0.0,12
4537,216.685655,0.545455,921.18,469.78,451.4,0.0,0.25,0.166667,0.166667,0.0,0,9,4500.0,892.146005,69.378949,0.0,12
2227,111.098444,1.0,1105.89,0.0,1105.89,0.0,1.0,0.0,1.0,0.0,0,26,2000.0,1004.668873,151.76408,0.909091,12
7643,3732.224017,1.0,0.0,0.0,0.0,2167.305318,0.0,0.0,0.0,0.833333,23,0,4500.0,1086.72505,1535.949295,0.0,12
3233,505.333425,0.909091,5176.62,5176.62,0.0,0.0,0.666667,0.666667,0.0,0.0,0,33,8500.0,4971.981428,172.888946,0.6,12
7965,3857.278468,1.0,0.0,0.0,0.0,1238.047916,0.0,0.0,0.0,0.444444,6,0,4000.0,666.97848,635.614648,0.0,9
2445,47.872617,0.818182,649.0,147.42,501.58,0.0,0.75,0.166667,0.666667,0.0,0,19,6000.0,624.293646,191.993448,0.875,12
8729,91.669248,0.833333,737.65,0.0,737.65,0.0,0.833333,0.0,0.666667,0.0,0,5,2500.0,664.387148,86.535841,1.0,6
973,424.809549,1.0,1130.0,1130.0,0.0,185.283125,0.083333,0.083333,0.0,0.083333,1,3,1500.0,133.744014,200.179471,0.0,12
393,626.342256,1.0,956.64,360.0,596.64,0.0,0.454545,0.090909,0.363636,0.0,0,8,7500.0,2125.953394,222.366993,0.0,11
2835,374.101774,1.0,1283.36,1253.36,30.0,0.0,1.0,1.0,0.083333,0.0,0,14,1800.0,1482.140815,202.184147,0.083333,12
5211,21.639571,1.0,191.7,0.0,191.7,0.0,0.666667,0.0,0.666667,0.0,0,16,7000.0,3692.246322,100.894512,0.0,12
2363,1811.87843,1.0,900.0,0.0,900.0,99.27619,0.666667,0.0,0.666667,0.083333,1,12,1700.0,1147.826125,1998.400995,0.0,12
2627,2919.796228,1.0,217.9,118.9,99.0,0.0,1.0,0.083333,1.0,0.0,0,25,7500.0,832.687649,764.627545,0.0,12
8645,8048.03442,1.0,0.0,0.0,0.0,6163.107978,0.0,0.0,0.0,0.333333,10,0,12000.0,2165.252987,2164.447843,0.0,12
1077,227.184126,0.272727,50.0,50.0,0.0,947.140065,0.083333,0.083333,0.0,0.166667,2,1,5500.0,2074.177677,162.04957,0.0,12
1815,952.379745,1.0,481.75,431.75,50.0,0.0,0.833333,0.666667,0.416667,0.0,0,20,1200.0,449.280028,273.503587,0.0,12
7391,3842.454902,1.0,0.0,0.0,0.0,6381.534619,0.0,0.0,0.0,0.5,24,0,6500.0,3869.74895,1742.491124,0.083333,12
8613,1513.075264,1.0,15704.04,12618.86,3085.18,0.0,1.0,0.916667,0.916667,0.0,0,185,3000.0,14399.70318,310.712671,0.916667,12
2105,39.37618,1.0,256.5,0.0,256.5,0.0,0.75,0.0,0.666667,0.0,0,9,1200.0,164.37267,131.106729,0.166667,12
1367,1024.761905,1.0,77.99,77.99,0.0,0.0,0.166667,0.166667,0.0,0.0,0,2,1200.0,555.23373,303.743033,0.0,12
193,38.792757,0.636364,1115.92,0.0,1115.92,54.562891,0.916667,0.0,0.916667,0.166667,2,79,3500.0,1506.34522,85.99372,0.272727,12
279,163.950974,0.777778,1014.21,264.42,749.79,268.071098,0.777778,0.444444,0.666667,0.111111,1,20,1500.0,938.36331,127.327376,0.6,9
3447,8151.985277,1.0,25615.07,25122.77,492.3,0.0,1.0,1.0,0.583333,0.0,0,56,17000.0,17575.20083,2465.465414,0.166667,12
3793,7.097146,0.636364,78.19,0.0,78.19,0.0,0.583333,0.0,0.5,0.0,0,7,5000.0,63.770059,74.625067,0.5,12
3045,717.764625,1.0,3358.25,3358.25,0.0,0.0,1.0,1.0,0.0,0.0,0,127,4000.0,2370.592652,202.790825,0.0,12
6269,4719.819043,1.0,2143.73,1292.78,850.95,146.547709,0.5,0.416667,0.333333,0.083333,1,28,12500.0,1031.151095,1032.193959,0.0,12
2233,183.817004,1.0,465.9,0.0,465.9,0.0,1.0,0.0,0.833333,0.0,0,6,1500.0,0.0,,0.0,6
4335,21.881383,1.0,123.48,0.0,123.48,0.0,1.0,0.0,0.833333,0.0,0,6,1500.0,87.868362,88.187856,0.5,6
1463,1421.419262,1.0,1669.2,274.19,1395.01,0.0,1.0,0.166667,1.0,0.0,0,65,8500.0,7684.307278,521.675562,0.0,12
8615,332.888212,1.0,419.56,74.0,345.56,0.0,1.0,0.25,0.916667,0.0,0,26,3000.0,473.166128,193.267629,0.0,12
2923,123.396703,0.545455,0.0,0.0,0.0,1196.579583,0.0,0.0,0.0,0.166667,2,0,7000.0,2591.841437,111.691332,0.25,12
3565,1152.591573,0.666667,50.0,50.0,0.0,2172.551397,0.166667,0.166667,0.0,0.166667,2,1,2500.0,99.26684,405.504082,0.0,6
2315,463.512203,1.0,0.0,0.0,0.0,1166.982711,0.0,0.0,0.0,0.333333,5,0,7500.0,932.601452,167.149574,0.0,12
4229,162.54754,0.909091,405.61,0.0,405.61,0.0,0.916667,0.0,0.916667,0.0,0,23,2200.0,612.674738,130.269702,0.0,12
4157,153.377124,1.0,2048.5,846.79,1201.71,0.0,1.0,0.25,1.0,0.0,0,51,7000.0,1512.631142,178.977455,1.0,12
5003,156.348232,0.454545,2214.87,2214.87,0.0,376.456319,0.166667,0.166667,0.0,0.083333,2,3,14500.0,7840.121433,171.749612,0.5,12
4539,806.446131,1.0,0.0,0.0,0.0,916.64405,0.0,0.0,0.0,0.083333,1,0,3000.0,504.66084,258.248739,0.0,12
6373,112.514659,0.6,459.51,274.65,184.86,0.0,0.5,0.2,0.3,0.0,0,13,1200.0,211.625556,103.297347,0.0,10
859,793.213204,1.0,1011.16,488.99,522.17,0.0,0.833333,0.333333,0.5,0.0,0,19,1000.0,842.847535,307.591569,0.0,12
7571,46.103924,0.818182,443.25,443.25,0.0,0.0,0.25,0.25,0.0,0.0,0,3,6500.0,417.350534,93.536782,0.0,12
4663,218.890208,0.6,0.0,0.0,0.0,447.102858,0.0,0.0,0.0,0.3,4,0,500.0,58.883172,166.541878,0.0,10
301,4.054657,0.727273,264.02,264.02,0.0,0.0,0.25,0.25,0.0,0.0,0,4,7000.0,274.692435,55.272081,0.111111,12
7381,32.290778,1.0,1185.34,1185.34,0.0,0.0,0.583333,0.583333,0.0,0.0,0,10,8000.0,428.89277,176.271756,0.666667,12
6715,2579.907754,1.0,125.51,0.0,125.51,1377.049309,0.25,0.0,0.166667,0.416667,10,3,3000.0,666.355831,774.460823,0.0,12
3933,84.830501,0.636364,702.32,702.32,0.0,0.0,0.333333,0.333333,0.0,0.0,0,4,5000.0,991.050806,105.008756,0.2,12
7077,6950.583049,1.0,400.98,0.0,400.98,259.046858,0.5,0.0,0.416667,0.083333,1,6,12500.0,2008.360568,1704.533297,0.0,12
7795,2114.158683,1.0,5580.85,0.0,5580.85,0.0,1.0,0.0,1.0,0.0,0,75,8500.0,3564.977774,630.00413,0.0,12
407,81.088359,0.909091,554.7,316.0,238.7,0.0,0.916667,0.166667,0.916667,0.0,0,13,1000.0,579.784969,150.212056,0.4,12
4319,113.723132,0.727273,740.82,574.44,166.38,188.360044,0.25,0.166667,0.083333,0.083333,2,3,5500.0,1335.466998,99.981807,0.333333,12
2115,5941.847384,1.0,0.0,0.0,0.0,744.138154,0.0,0.0,0.0,0.166667,2,0,7000.0,1756.829998,2166.204489,0.0,12
479,3182.968599,1.0,2502.46,2455.79,46.67,1837.023964,0.833333,0.833333,0.166667,0.5,22,53,5500.0,2170.561697,1731.420819,0.0,12
1715,317.657562,1.0,4398.35,4398.35,0.0,0.0,0.916667,0.916667,0.0,0.0,0,47,16500.0,4028.380624,179.19571,0.916667,12
4685,566.908563,1.0,397.06,303.7,93.36,0.0,0.666667,0.166667,0.583333,0.0,0,12,2100.0,0.0,,0.0,12
6623,5354.53794,1.0,0.0,0.0,0.0,8504.909507,0.0,0.0,0.0,0.916667,21,0,7500.0,6438.405866,1246.14055,0.0,12
4491,1299.027426,1.0,731.45,74.23,657.22,2823.614133,1.0,0.142857,0.857143,0.571429,16,11,1500.0,2296.979965,1066.288428,0.166667,7
1605,44.538702,0.545455,916.67,0.0,916.67,0.0,0.416667,0.0,0.416667,0.0,0,5,1500.0,1075.578609,94.762661,0.416667,12
6197,24.1725,0.727273,270.0,0.0,270.0,0.0,0.818182,0.0,0.818182,0.0,0,6,8500.0,378.193141,102.149848,0.714286,11
753,4890.470857,0.909091,0.0,0.0,0.0,9009.157522,0.0,0.0,0.0,0.454545,5,0,7500.0,7296.483613,1278.064978,0.0,11
7167,41.550285,0.454545,421.6,312.85,108.75,0.0,0.333333,0.166667,0.166667,0.0,0,5,1000.0,303.472063,290.219348,0.0,12
6811,1034.660626,0.833333,1308.11,1308.11,0.0,234.602843,0.5,0.5,0.0,0.166667,1,8,1500.0,236.764555,207.007715,0.0,6
4215,2409.236843,1.0,990.15,772.6,217.55,0.0,0.75,0.416667,0.416667,0.0,0,26,8000.0,707.712681,606.899998,0.0,12
775,61.080098,1.0,729.6,0.0,729.6,0.0,1.0,0.0,1.0,0.0,0,22,2500.0,733.044687,174.464929,0.833333,12
1169,28.461629,1.0,100.0,100.0,0.0,0.0,0.083333,0.083333,0.0,0.0,0,1,4000.0,125.769169,104.857518,0.0,12
5241,224.812081,1.0,388.9,119.0,269.9,0.0,0.5,0.083333,0.416667,0.0,0,7,1500.0,671.924423,171.946342,0.0,12
937,3433.295973,1.0,4342.07,4247.87,94.2,0.0,0.833333,0.666667,0.166667,0.0,0,20,11000.0,3903.861413,806.9871,0.0,12
2815,116.654149,0.272727,907.0,907.0,0.0,273.558033,0.25,0.25,0.0,0.083333,1,8,5000.0,0.0,,0.0,12
5575,8.087225,0.363636,515.0,0.0,515.0,0.0,0.833333,0.0,0.75,0.0,0,17,3000.0,399.456368,14.574311,0.0,12
7109,1358.798385,1.0,0.0,0.0,0.0,174.369769,0.0,0.0,0.0,0.166667,2,0,1500.0,337.074078,294.178618,0.0,12
3539,1004.441314,1.0,530.32,38.0,492.32,0.0,0.833333,0.083333,0.75,0.0,0,14,1000.0,737.914629,1040.035593,0.0,12
743,1839.926709,1.0,487.75,0.0,487.75,266.614527,0.5,0.0,0.416667,0.083333,1,9,3500.0,791.115227,385.482464,0.0,12
6059,2646.022772,1.0,1541.13,487.0,1054.13,1234.504809,0.916667,0.25,0.833333,0.333333,6,17,4000.0,600.203047,575.913224,0.0,12
2401,0.275257,0.2,0.0,0.0,0.0,328.452659,0.0,0.0,0.0,0.1,1,0,1200.0,1145.101275,39.421396,1.0,10
